Workbook

Sheet Sheet1
A1: Month | B1: Year 1 | C1: Year 2 | D1: Year 3 | E1: m_ave | F1: tot_ave | G1: SI | H1: DS_Y1 | I1: DS_Y2 | J1: DS_Y3
A2: Jan | B2: 80 | C2: 85 | D2: 90
A3: Feb | B3: 90 | C3: 95 | D3: 100
A4: Mar | B4: 100 | C4: 105 | D4: 110
A5: Apr | B5: 110 | C5: 115 | D5: 120
A6: May | B6: 120 | C6: 125 | D6: 130
A7: Jun | B7: 130 | C7: 135 | D7: 140
A8: Jul | B8: 140 | C8: 145 | D8: 150
A9: Aug | B9: 135 | C9: 140 | D9: 145
A10: Sep | B10: 125 | C10: 130 | D10: 135
A11: Oct | B11: 115 | C11: 120 | D11: 125
A12: Nov | B12: 150 | C12: 155 | D12: 160
A13: Dec | B13: 180 | C13: 185 | D13: 190

Sheet DESEASONALIZED
A1: Time | B1: Sales | C1: DS
A2: 2021-01 | B2: 80 | C2: =Sheet1!H2 -> 0
A3: 2021-02 | B3: 90 | C3: =Sheet1!H3 -> 0
A4: 2021-03 | B4: 100 | C4: =Sheet1!H4 -> 0
A5: 2021-04 | B5: 110 | C5: =Sheet1!H5 -> 0
A6: 2021-05 | B6: 120 | C6: =Sheet1!H6 -> 0
A7: 2021-06 | B7: 130 | C7: =Sheet1!H7 -> 0
A8: 2021-07 | B8: 140 | C8: =Sheet1!H8 -> 0
A9: 2021-08 | B9: 135 | C9: =Sheet1!H9 -> 0
A10: 2021-09 | B10: 125 | C10: =Sheet1!H10 -> 0
A11: 2021-10 | B11: 115 | C11: =Sheet1!H11 -> 0
A12: 2021-11 | B12: 150 | C12: =Sheet1!H12 -> 0
A13: 2021-12 | B13: 180 | C13: =Sheet1!H13 -> 0
A14: 2022-01 | B14: 85 | C14: =Sheet1!I2 -> 0
A15: 2022-02 | B15: 95 | C15: =Sheet1!I3 -> 0
A16: 2022-03 | B16: 105 | C16: =Sheet1!I4 -> 0
A17: 2022-04 | B17: 115 | C17: =Sheet1!I5 -> 0
A18: 2022-05 | B18: 125 | C18: =Sheet1!I6 -> 0
A19: 2022-06 | B19: 135 | C19: =Sheet1!I7 -> 0
A20: 2022-07 | B20: 145 | C20: =Sheet1!I8 -> 0
A21: 2022-08 | B21: 140 | C21: =Sheet1!I9 -> 0
A22: 2022-09 | B22: 130 | C22: =Sheet1!I10 -> 0
A23: 2022-10 | B23: 120 | C23: =Sheet1!I11 -> 0
A24: 2022-11 | B24: 155 | C24: =Sheet1!I12 -> 0
A25: 2022-12 | B25: 185 | C25: =Sheet1!I13 -> 0
A26: 2023-01 | B26: 90 | C26: =Sheet1!J2 -> 0
A27: 2023-02 | B27: 100 | C27: =Sheet1!J3 -> 0
A28: 2023-03 | B28: 110 | C28: =Sheet1!J4 -> 0
A29: 2023-04 | B29: 120 | C29: =Sheet1!J5 -> 0
A30: 2023-05 | B30: 130 | C30: =Sheet1!J6 -> 0
A31: 2023-06 | B31: 140 | C31: =Sheet1!J7 -> 0
A32: 2023-07 | B32: 150 | C32: =Sheet1!J8 -> 0
A33: 2023-08 | B33: 145 | C33: =Sheet1!J9 -> 0
A34: 2023-09 | B34: 135 | C34: =Sheet1!J10 -> 0
A35: 2023-10 | B35: 125 | C35: =Sheet1!J11 -> 0
A36: 2023-11 | B36: 160 | C36: =Sheet1!J12 -> 0
A37: 2023-12 | B37: 190 | C37: =Sheet1!J13 -> 0

Sheet MA
A1: =DESEASONALIZED!$A$1 -> Time | B1: =DESEASONALIZED!$B$1 -> Sales | C1: MA-3 | D1: MA-12 | E1: MA-12-C
A2: =DESEASONALIZED!A2 -> 2021-01 | B2: =DESEASONALIZED!B2 -> 80
A3: =DESEASONALIZED!A3 -> 2021-02 | B3: =DESEASONALIZED!B3 -> 90
A4: =DESEASONALIZED!A4 -> 2021-03 | B4: =DESEASONALIZED!B4 -> 100
A5: =DESEASONALIZED!A5 -> 2021-04 | B5: =DESEASONALIZED!B5 -> 110
A6: =DESEASONALIZED!A6 -> 2021-05 | B6: =DESEASONALIZED!B6 -> 120
A7: =DESEASONALIZED!A7 -> 2021-06 | B7: =DESEASONALIZED!B7 -> 130
A8: =DESEASONALIZED!A8 -> 2021-07 | B8: =DESEASONALIZED!B8 -> 140
A9: =DESEASONALIZED!A9 -> 2021-08 | B9: =DESEASONALIZED!B9 -> 135
A10: =DESEASONALIZED!A10 -> 2021-09 | B10: =DESEASONALIZED!B10 -> 125
A11: =DESEASONALIZED!A11 -> 2021-10 | B11: =DESEASONALIZED!B11 -> 115
A12: =DESEASONALIZED!A12 -> 2021-11 | B12: =DESEASONALIZED!B12 -> 150
A13: =DESEASONALIZED!A13 -> 2021-12 | B13: =DESEASONALIZED!B13 -> 180
... A37: =DESEASONALIZED!A37 -> 2023-12 | B37: =DESEASONALIZED!B37 -> 190

Sheet LSE
A1: Time | B1: Time(t) | C1: Sales | D1: DS | E1: SLOPE | F1: INTERCEPT | G1: TREND
A2: 2021-01 | B2: 1 | C2: 80 | D2: =Sheet1!H2 -> 0
A3: 2021-02 | B3: 2 | C3: 90 | D3: =Sheet1!H3 -> 0
A4: 2021-03 | B4: 3 | C4: 100 | D4: =Sheet1!H4 -> 0
A5: 2021-04 | B5: 4 | C5: 110 | D5: =Sheet1!H5 -> 0
A6: 2021-05 | B6: 5 | C6: 120 | D6: =Sheet1!H6 -> 0
A7: 2021-06 | B7: 6 | C7: 130 | D7: =Sheet1!H7 -> 0
A8: 2021-07 | B8: 7 | C8: 140 | D8: =Sheet1!H8 -> 0
A9: 2021-08 | B9: 8 | C9: 135 | D9: =Sheet1!H9 -> 0
A10: 2021-09 | B10: 9 | C10: 125 | D10: =Sheet1!H10 -> 0
A11: 2021-10 | B11: 10 | C11: 115 | D11: =Sheet1!H11 -> 0
A12: 2021-11 | B12: 11 | C12: 150 | D12: =Sheet1!H12 -> 0
A13: 2021-12 | B13: 12 | C13: 180 | D13: =Sheet1!H13 -> 0
A14: 2022-01 | B14: 13 | C14: 85 | D14: =Sheet1!I2 -> 0
A15: 2022-02 | B15: 14 | C15: 95 | D15: =Sheet1!I3 -> 0
A16: 2022-03 | B16: 15 | C16: 105 | D16: =Sheet1!I4 -> 0
A17: 2022-04 | B17: 16 | C17: 115 | D17: =Sheet1!I5 -> 0
A18: 2022-05 | B18: 17 | C18: 125 | D18: =Sheet1!I6 -> 0
A19: 2022-06 | B19: 18 | C19: 135 | D19: =Sheet1!I7 -> 0
A20: 2022-07 | B20: 19 | C20: 145 | D20: =Sheet1!I8 -> 0
A21: 2022-08 | B21: 20 | C21: 140 | D21: =Sheet1!I9 -> 0
A22: 2022-09 | B22: 21 | C22: 130 | D22: =Sheet1!I10 -> 0
A23: 2022-10 | B23: 22 | C23: 120 | D23: =Sheet1!I11 -> 0
A24: 2022-11 | B24: 23 | C24: 155 | D24: =Sheet1!I12 -> 0
A25: 2022-12 | B25: 24 | C25: 185 | D25: =Sheet1!I13 -> 0
A26: 2023-01 | B26: 25 | C26: 90 | D26: =Sheet1!J2 -> 0
A27: 2023-02 | B27: 26 | C27: 100 | D27: =Sheet1!J3 -> 0
A28: 2023-03 | B28: 27 | C28: 110 | D28: =Sheet1!J4 -> 0
A29: 2023-04 | B29: 28 | C29: 120 | D29: =Sheet1!J5 -> 0
A30: 2023-05 | B30: 29 | C30: 130 | D30: =Sheet1!J6 -> 0
A31: 2023-06 | B31: 30 | C31: 140 | D31: =Sheet1!J7 -> 0
A32: 2023-07 | B32: 31 | C32: 150 | D32: =Sheet1!J8 -> 0
A33: 2023-08 | B33: 32 | C33: 145 | D33: =Sheet1!J9 -> 0
A34: 2023-09 | B34: 33 | C34: 135 | D34: =Sheet1!J10 -> 0
A35: 2023-10 | B35: 34 | C35: 125 | D35: =Sheet1!J11 -> 0
A36: 2023-11 | B36: 35 | C36: 160 | D36: =Sheet1!J12 -> 0
A37: 2023-12 | B37: 36 | C37: 190 | D37: =Sheet1!J13 -> 0

Sheet DFT
A1: =DESEASONALIZED!A1 -> Time | B1: Time Index(n) | C1: =DESEASONALIZED!B1 -> Sales | D1: Freq Index (k) | E1: count | F1: REAL | G1: IMAGINARY | H1: MAGNITUDE
A2: =DESEASONALIZED!A2 -> 2021-01 | B2: 0 | C2: =DESEASONALIZED!B2 -> 80 | D2: 0
A3: =DESEASONALIZED!A3 -> 2021-02 | B3: 1 | C3: =DESEASONALIZED!B3 -> 90 | D3: 1
A4: =DESEASONALIZED!A4 -> 2021-03 | B4: 2 | C4: =DESEASONALIZED!B4 -> 100 | D4: 2
A5: =DESEASONALIZED!A5 -> 2021-04 | B5: 3 | C5: =DESEASONALIZED!B5 -> 110 | D5: 3
A6: =DESEASONALIZED!A6 -> 2021-05 | B6: 4 | C6: =DESEASONALIZED!B6 -> 120 | D6: 4
A7: =DESEASONALIZED!A7 -> 2021-06 | B7: 5 | C7: =DESEASONALIZED!B7 -> 130 | D7: 5
A8: =DESEASONALIZED!A8 -> 2021-07 | B8: 6 | C8: =DESEASONALIZED!B8 -> 140 | D8: 6
A9: =DESEASONALIZED!A9 -> 2021-08 | B9: 7 | C9: =DESEASONALIZED!B9 -> 135 | D9: 7
A10: =DESEASONALIZED!A10 -> 2021-09 | B10: 8 | C10: =DESEASONALIZED!B10 -> 125 | D10: 8
A11: =DESEASONALIZED!A11 -> 2021-10 | B11: 9 | C11: =DESEASONALIZED!B11 -> 115 | D11: 9
A12: =DESEASONALIZED!A12 -> 2021-11 | B12: 10 | C12: =DESEASONALIZED!B12 -> 150 | D12: 10
A13: =DESEASONALIZED!A13 -> 2021-12 | B13: 11 | C13: =DESEASONALIZED!B13 -> 180 | D13: 11
... A37: =DESEASONALIZED!A37 -> 2023-12 | B37: 35 | C37: =DESEASONALIZED!B37 -> 190 | D37: 35
